country,regime,mean,sem,n
US,great_moderation,-0.14303325912272108,0.017279204328923877,32
US,gfc_to_covid,-0.049444797543166254,0.01230432316589773,40
US,post_covid,0.0017184844650293169,0.019859619327897704,25
Canada,pre_1990,-0.34933847630408477,0.008943797332230233,95
Canada,great_moderation,-0.3672801694013775,0.006782929259874583,75
Canada,gfc_to_covid,-0.33833003319557403,0.004103085123936813,40
Canada,post_covid,-0.35284778398530803,0.015759867517130877,25
